1;1A2A3A4A
2;5A6A7A8A
3;9A10A11A12A
4;13A14A15A16A
5;17A18A19A20A
6;21A22A23A24A
7;25A26A27A28A
8;29A30A31A32A
9;33A34A35A36A
10;37A38A39A40A
11;41A42A43A44A
12;45A46A47A48A
13;49A50A51A52A
14;53A54A55A56A
15;57A58A59A60A
16;61A62A63A64A
17;65A66A67A68A
18;69A69B70A70B
19;71A72A73A
20;74A75A76A77A
21;78A79A80A
22;81A82A83A84A
23;85A86A87A88A
24;89A89B
25;1B2B3B4B
26;5B6B7B8B
27;9B10B11B12B
28;13B14B15B16B
29;17B18B19B20B
30;21B22B23B24B
31;25B26B27B28B
32;29B30B31B32B
33;33B34B35B36B
34;37B38B39B40B
35;41B42B43B44B
36;45B46B47B48B
37;49B50B51B52B
38;53B54B55B56B
39;57B58B59B60B
40;61B62B63B64B
41;65B66B67B68B
42;71B72B73B
43;74B75B76B77B
44;78B79B80B
45;81B82B83B84B
46;85B86B87B88B
47;1C2C3C4C
48;5C6C7C8C
49;9C10C11C12C
50;13C14C15C16C
51;17C18C19C20C
52;21C22C23C24C
53;25C26C27C28C
54;29C30C31C32C
55;33C34C35C36C
56;37C38C39C40C
57;41C42C43C44C
58;45C46C47C48C
59;49C50C51C52C
60;53C54C55C56C
61;57C58C59C60C
62;61C62C63C64C
63;65C66C67C68C
64;69C70C
65;71C72C73C
66;74C75C76C77C
67;78C79C80C
68;81C82C83C84C
69;85C86C87C88C
70;89C
71;Blank
72;Blank
73;Blank
74;Adhesome_P01
75;Adhesome_P02
76;Adhesome_P03
77;Adhesome_P04
78;0002786437-2-1
79;0002786437-3-2
80;0002786437-4-3
81;0002786437-5-3
118;Blank
121;Blank
124;Blank
127;Blank
130;Blank
133;Blank
136;Blank
139;Blank
142;Blank
145;Blank
148;Blank
151;Blank
154;Blank
157;Blank
160;Blank
163;Blank
166;Blank
169;Blank
172;Blank
175;Blank
178;Blank
181;Blank
184;Blank
187;Blank
190;Blank
193;Blank
196;Blank
199;Blank
202;Blank
205;Blank
208;Blank
211;Blank
214;Blank
217;Blank
220;Blank
223;Blank
226;Blank
229;Blank
232;Blank
235;Blank
238;Blank
241;Blank
244;Blank
247;Blank
250;Blank
254;Blank
256;Blank
259;Blank
262;Blank
265;Blank
268;Blank
271;Blank
274;Blank
277;Blank
280;Blank
283;Blank
286;Blank
289;Blank
292;Blank
295;Blank
298;Blank
301;Blank
304;Blank
307;Blank
310;Blank
313;Blank
316;Blank
319;Blank
322;Blank
325;Blank
328;Blank
331;Blank
334;Blank
337;Blank
340;Blank
343;Blank
346;Blank
349;Blank
352;Blank
355;Blank
358;Blank
361;Blank
364;Blank
367;Blank
370;Blank
373;Blank
376;Blank
379;Blank
382;Blank
385;Blank
388;Blank
391;Blank
